{"cameraMode":{"drawMode":0,"name":"Shaded","section":"Shading Mode"},"sceneLighting":true,"audioPlay":false,"sceneViewState":{"showFog":true,"showMaterialUpdate":false,"showSkybox":true,"showFlares":true,"showImageEffects":true,"showParticleSystems":true},"in2DMode":false,"pivot":{"x":3.488814353942871,"y":4.251037120819092,"z":-5.88051176071167},"rotation":{"x":0.07824431359767914,"y":-0.7528157234191895,"z":0.09101007133722305,"w":0.6472054719924927},"size":5.407395362854004,"orthographic":false}