{"cameraMode":{"drawMode":0,"name":"Shaded","section":"Shading Mode"},"sceneLighting":true,"audioPlay":false,"sceneViewState":{"showFog":true,"showMaterialUpdate":false,"showSkybox":true,"showFlares":true,"showImageEffects":true,"showParticleSystems":true},"in2DMode":false,"pivot":{"x":-44.12333297729492,"y":-21.35920524597168,"z":-3.7815756797790529},"rotation":{"x":-0.1513727903366089,"y":0.7310163974761963,"z":-0.17217300832271577,"w":-0.642704963684082},"size":28.021926879882814,"orthographic":false}